Instance,Terminal,Layer,X location,Y location,Voltage
FILLER_16_97,VGND,li1,51.5200,54.4000,0.000017
FILLER_16_85,VGND,li1,47.3800,54.4000,0.000017
FILLER_16_76,VGND,li1,42.3200,54.4000,0.000017
FILLER_16_63,VGND,li1,35.1900,54.4000,0.000017
FILLER_16_57,VGND,li1,32.2000,54.4000,0.000015
FILLER_16_49,VGND,li1,28.7500,54.4000,0.000014
FILLER_16_37,VGND,li1,24.3800,54.4000,0.000010
FILLER_16_29,VGND,li1,19.3200,54.4000,0.000011
FILLER_16_27,VGND,li1,18.1700,54.4000,0.000011
FILLER_16_15,VGND,li1,15.1800,54.4000,0.000011
FILLER_16_3,VGND,li1,9.6600,54.4000,0.000011
FILLER_15_100,VGND,li1,52.2100,54.4000,0.000017
FILLER_15_92,VGND,li1,49.6800,54.4000,0.000017
FILLER_15_80,VGND,li1,45.0800,54.4000,0.000017
FILLER_15_57,VGND,li1,31.9700,54.4000,0.000015
FILLER_15_54,VGND,li1,30.8200,54.4000,0.000015
FILLER_15_44,VGND,li1,26.4500,54.4000,0.000012
FILLER_15_27,VGND,li1,18.4000,54.4000,0.000011
FILLER_15_15,VGND,li1,15.1800,54.4000,0.000011
FILLER_15_3,VGND,li1,9.6600,54.4000,0.000011
FILLER_14_85,VGND,li1,46.4600,48.9600,0.000023
FILLER_14_81,VGND,li1,43.4700,48.9600,0.000022
FILLER_14_73,VGND,li1,40.9400,48.9600,0.000021
FILLER_14_59,VGND,li1,33.3500,48.9600,0.000017
FILLER_14_47,VGND,li1,27.3700,48.9600,0.000014
FILLER_14_15,VGND,li1,14.2600,48.9600,0.000014
FILLER_14_3,VGND,li1,9.6600,48.9600,0.000014
FILLER_13_101,VGND,li1,52.4400,48.9600,0.000024
FILLER_13_81,VGND,li1,45.5400,48.9600,0.000023
FILLER_13_77,VGND,li1,41.1700,48.9600,0.000021
FILLER_13_68,VGND,li1,37.0300,48.9600,0.000019
FILLER_13_62,VGND,li1,35.4200,48.9600,0.000018
FILLER_13_57,VGND,li1,31.9700,48.9600,0.000017
FILLER_13_53,VGND,li1,30.5900,48.9600,0.000016
FILLER_13_45,VGND,li1,28.0600,48.9600,0.000014
FILLER_13_27,VGND,li1,18.1700,48.9600,0.000014
FILLER_13_21,VGND,li1,16.5600,48.9600,0.000014
FILLER_13_15,VGND,li1,13.1100,48.9600,0.000014
FILLER_13_3,VGND,li1,9.6600,48.9600,0.000014
FILLER_12_83,VGND,li1,43.9300,43.5200,0.000024
FILLER_12_69,VGND,li1,37.4900,43.5200,0.000021
FILLER_12_65,VGND,li1,36.3400,43.5200,0.000021
FILLER_12_54,VGND,li1,31.0500,43.5200,0.000018
FILLER_12_46,VGND,li1,28.5200,43.5200,0.000017
FILLER_12_29,VGND,li1,20.2400,43.5200,0.000019
FILLER_12_27,VGND,li1,18.1700,43.5200,0.000021
FILLER_12_3,VGND,li1,7.5900,43.5200,0.000028
FILLER_11_102,VGND,li1,52.6700,43.5200,0.000025
FILLER_11_65,VGND,li1,35.8800,43.5200,0.000021
FILLER_11_57,VGND,li1,33.5800,43.5200,0.000020
FILLER_11_55,VGND,li1,31.0500,43.5200,0.000018
FILLER_11_49,VGND,li1,29.4400,43.5200,0.000017
FILLER_11_40,VGND,li1,24.3800,43.5200,0.000015
FILLER_11_32,VGND,li1,22.0800,43.5200,0.000017
FILLER_11_20,VGND,li1,17.4800,43.5200,0.000022
FILLER_11_11,VGND,li1,11.5000,43.5200,0.000026
FILLER_10_102,VGND,li1,52.6700,38.0800,0.000025
FILLER_10_80,VGND,li1,43.2400,38.0800,0.000024
FILLER_10_69,VGND,li1,38.1800,38.0800,0.000022
FILLER_10_57,VGND,li1,34.5000,38.0800,0.000020
FILLER_10_40,VGND,li1,24.3800,38.0800,0.000014
FILLER_10_33,VGND,li1,20.9300,38.0800,0.000018
FILLER_10_29,VGND,li1,19.7800,38.0800,0.000018
FILLER_10_22,VGND,li1,17.0200,38.0800,0.000019
FILLER_10_3,VGND,li1,7.5900,38.0800,0.000022
FILLER_9_80,VGND,li1,43.7000,38.0800,0.000024
FILLER_9_72,VGND,li1,39.1000,38.0800,0.000022
FILLER_9_53,VGND,li1,30.5900,38.0800,0.000018
FILLER_9_20,VGND,li1,15.1800,38.0800,0.000021
FILLER_8_85,VGND,li1,47.3800,32.6400,0.000014
FILLER_8_76,VGND,li1,42.3200,32.6400,0.000013
FILLER_8_64,VGND,li1,37.7200,32.6400,0.000012
FILLER_8_55,VGND,li1,31.7400,32.6400,0.000010
FILLER_8_43,VGND,li1,28.0600,32.6400,0.000009
FILLER_8_27,VGND,li1,18.1700,32.6400,0.000010
FILLER_8_23,VGND,li1,17.0200,32.6400,0.000010
FILLER_7_98,VGND,li1,50.8300,32.6400,0.000015
FILLER_7_83,VGND,li1,44.6200,32.6400,0.000014
FILLER_7_79,VGND,li1,42.0900,32.6400,0.000013
FILLER_7_75,VGND,li1,40.9400,32.6400,0.000013
FILLER_7_57,VGND,li1,32.4300,32.6400,0.000010
FILLER_7_50,VGND,li1,29.9000,32.6400,0.000010
FILLER_7_43,VGND,li1,25.7600,32.6400,0.000008
FILLER_7_31,VGND,li1,22.5400,32.6400,0.000008
FILLER_7_19,VGND,li1,17.0200,32.6400,0.000010
FILLER_7_7,VGND,li1,11.5000,32.6400,0.000012
FILLER_6_101,VGND,li1,52.4400,27.2000,0.000014
FILLER_6_82,VGND,li1,43.7000,27.2000,0.000013
FILLER_6_68,VGND,li1,38.1800,27.2000,0.000012
FILLER_6_56,VGND,li1,32.2000,27.2000,0.000010
FILLER_6_29,VGND,li1,20.7000,27.2000,0.000010
FILLER_6_25,VGND,li1,17.7100,27.2000,0.000011
FILLER_6_17,VGND,li1,13.8000,27.2000,0.000013
FILLER_5_102,VGND,li1,52.6700,27.2000,0.000014
FILLER_5_82,VGND,li1,43.4700,27.2000,0.000013
FILLER_5_74,VGND,li1,41.4000,27.2000,0.000013
FILLER_5_65,VGND,li1,35.8800,27.2000,0.000011
FILLER_5_57,VGND,li1,33.5800,27.2000,0.000011
FILLER_5_53,VGND,li1,30.5900,27.2000,0.000010
FILLER_5_45,VGND,li1,26.4500,27.2000,0.000008
FILLER_5_28,VGND,li1,19.3200,27.2000,0.000011
FILLER_5_3,VGND,li1,7.1300,27.2000,0.000014
FILLER_4_93,VGND,li1,48.9900,21.7600,0.000023
FILLER_4_85,VGND,li1,46.4600,21.7600,0.000022
FILLER_4_81,VGND,li1,43.4700,21.7600,0.000021
FILLER_4_59,VGND,li1,34.5000,21.7600,0.000015
FILLER_4_47,VGND,li1,29.9000,21.7600,0.000013
FILLER_4_34,VGND,li1,22.5400,21.7600,0.000011
FILLER_4_27,VGND,li1,18.1700,21.7600,0.000012
FILLER_4_10,VGND,li1,10.3500,21.7600,0.000013
FILLER_4_6,VGND,li1,9.2000,21.7600,0.000013
FILLER_3_102,VGND,li1,52.6700,21.7600,0.000024
FILLER_3_83,VGND,li1,44.1600,21.7600,0.000021
FILLER_3_75,VGND,li1,41.8600,21.7600,0.000020
FILLER_3_65,VGND,li1,35.6500,21.7600,0.000017
FILLER_3_57,VGND,li1,33.5800,21.7600,0.000015
FILLER_3_50,VGND,li1,29.9000,21.7600,0.000013
FILLER_3_37,VGND,li1,23.4600,21.7600,0.000011
FILLER_3_25,VGND,li1,19.7800,21.7600,0.000012
FILLER_3_15,VGND,li1,12.8800,21.7600,0.000012
FILLER_3_3,VGND,li1,9.6600,21.7600,0.000013
FILLER_2_99,VGND,li1,51.2900,16.3200,0.000019
FILLER_2_85,VGND,li1,45.0800,16.3200,0.000019
FILLER_2_82,VGND,li1,43.7000,16.3200,0.000018
FILLER_2_63,VGND,li1,34.7300,16.3200,0.000015
FILLER_2_57,VGND,li1,32.4300,16.3200,0.000015
FILLER_2_29,VGND,li1,19.3200,16.3200,0.000012
FILLER_2_27,VGND,li1,18.1700,16.3200,0.000012
FILLER_2_15,VGND,li1,13.8000,16.3200,0.000012
FILLER_2_3,VGND,li1,9.6600,16.3200,0.000012
FILLER_1_100,VGND,li1,52.2100,16.3200,0.000019
FILLER_1_92,VGND,li1,49.6800,16.3200,0.000019
FILLER_1_77,VGND,li1,41.1700,16.3200,0.000018
FILLER_1_73,VGND,li1,40.0200,16.3200,0.000018
FILLER_1_62,VGND,li1,34.2700,16.3200,0.000015
FILLER_1_55,VGND,li1,31.0500,16.3200,0.000013
FILLER_1_51,VGND,li1,29.9000,16.3200,0.000013
FILLER_1_39,VGND,li1,24.1500,16.3200,0.000011
FILLER_1_15,VGND,li1,14.2600,16.3200,0.000012
FILLER_1_3,VGND,li1,9.6600,16.3200,0.000012
FILLER_0_102,VGND,li1,52.6700,10.8800,0.000017
FILLER_0_90,VGND,li1,49.6800,10.8800,0.000017
FILLER_0_85,VGND,li1,45.0800,10.8800,0.000017
FILLER_0_83,VGND,li1,43.9300,10.8800,0.000017
FILLER_0_71,VGND,li1,40.9400,10.8800,0.000017
FILLER_0_57,VGND,li1,32.4300,10.8800,0.000017
FILLER_0_42,VGND,li1,25.3000,10.8800,0.000011
FILLER_0_34,VGND,li1,22.0800,10.8800,0.000011
FILLER_0_29,VGND,li1,19.3200,10.8800,0.000011
FILLER_0_27,VGND,li1,18.1700,10.8800,0.000011
FILLER_0_15,VGND,li1,15.1800,10.8800,0.000011
FILLER_0_3,VGND,li1,9.6600,10.8800,0.000011
fanout32,VGND,li1,51.9800,48.9600,0.000024
fanout31,VGND,li1,51.0600,48.9600,0.000024
fanout30,VGND,li1,49.2200,48.9600,0.000024
output29,VGND,li1,37.2600,10.8800,0.000017
output28,VGND,li1,51.9800,21.7600,0.000024
output27,VGND,li1,30.3600,10.8800,0.000016
output26,VGND,li1,26.6800,10.8800,0.000014
output25,VGND,li1,28.5200,10.8800,0.000015
output24,VGND,li1,30.3600,54.4000,0.000014
output23,VGND,li1,7.8200,43.5200,0.000028
output22,VGND,li1,9.6600,43.5200,0.000027
output21,VGND,li1,14.7200,38.0800,0.000021
output20,VGND,li1,51.9800,32.6400,0.000015
input19,VGND,li1,48.9900,48.9600,0.000024
input18,VGND,li1,50.3700,48.9600,0.000024
input17,VGND,li1,45.3100,38.0800,0.000024
input16,VGND,li1,50.8300,32.6400,0.000015
input15,VGND,li1,46.2300,10.8800,0.000017
input14,VGND,li1,20.4700,10.8800,0.000011
input13,VGND,li1,7.5900,21.7600,0.000013
input12,VGND,li1,38.1800,54.4000,0.000017
input11,VGND,li1,20.4700,54.4000,0.000011
input10,VGND,li1,9.2000,38.0800,0.000022
input9,VGND,li1,52.2100,32.6400,0.000015
input8,VGND,li1,50.3700,21.7600,0.000024
input7,VGND,li1,52.2100,16.3200,0.000019
input6,VGND,li1,23.9200,10.8800,0.000011
input5,VGND,li1,7.8200,27.2000,0.000014
input4,VGND,li1,33.5800,54.4000,0.000016
input3,VGND,li1,27.1400,54.4000,0.000012
input2,VGND,li1,7.8200,32.6400,0.000013
input1,VGND,li1,50.6000,38.0800,0.000025
TAP_TAPCELL_ROW_16_61,VGND,li1,44.3900,54.6910,0.000017
TAP_TAPCELL_ROW_16_60,VGND,li1,31.5100,54.6910,0.000015
TAP_TAPCELL_ROW_16_59,VGND,li1,18.6300,54.6910,0.000011
TAP_TAPCELL_ROW_15_58,VGND,li1,31.5100,54.1080,0.000015
TAP_TAPCELL_ROW_14_57,VGND,li1,44.3900,49.2510,0.000022
TAP_TAPCELL_ROW_14_56,VGND,li1,18.6300,49.2510,0.000014
TAP_TAPCELL_ROW_13_55,VGND,li1,31.5100,48.6680,0.000016
TAP_TAPCELL_ROW_12_54,VGND,li1,44.3900,43.8110,0.000024
TAP_TAPCELL_ROW_12_53,VGND,li1,18.6300,43.8110,0.000021
TAP_TAPCELL_ROW_11_52,VGND,li1,31.5100,43.2280,0.000018
TAP_TAPCELL_ROW_10_51,VGND,li1,44.3900,38.3710,0.000024
TAP_TAPCELL_ROW_10_50,VGND,li1,18.6300,38.3710,0.000019
TAP_TAPCELL_ROW_9_49,VGND,li1,31.5100,37.7880,0.000018
TAP_TAPCELL_ROW_8_48,VGND,li1,44.3900,32.9310,0.000014
TAP_TAPCELL_ROW_8_47,VGND,li1,18.6300,32.9310,0.000010
TAP_TAPCELL_ROW_7_46,VGND,li1,31.5100,32.3480,0.000010
TAP_TAPCELL_ROW_6_45,VGND,li1,44.3900,27.4910,0.000013
TAP_TAPCELL_ROW_6_44,VGND,li1,18.6300,27.4910,0.000011
TAP_TAPCELL_ROW_5_43,VGND,li1,31.5100,26.9080,0.000010
TAP_TAPCELL_ROW_4_42,VGND,li1,44.3900,22.0510,0.000021
TAP_TAPCELL_ROW_4_41,VGND,li1,18.6300,22.0510,0.000012
TAP_TAPCELL_ROW_3_40,VGND,li1,31.5100,21.4680,0.000013
TAP_TAPCELL_ROW_2_39,VGND,li1,44.3900,16.6110,0.000019
TAP_TAPCELL_ROW_2_38,VGND,li1,18.6300,16.6110,0.000012
TAP_TAPCELL_ROW_1_37,VGND,li1,31.5100,16.0280,0.000013
TAP_TAPCELL_ROW_0_36,VGND,li1,44.3900,11.1710,0.000017
TAP_TAPCELL_ROW_0_35,VGND,li1,31.5100,11.1710,0.000016
TAP_TAPCELL_ROW_0_34,VGND,li1,18.6300,11.1710,0.000011
PHY_EDGE_ROW_16_Left_33,VGND,li1,6.2100,54.4000,0.000011
PHY_EDGE_ROW_15_Left_32,VGND,li1,6.2100,54.4000,0.000011
PHY_EDGE_ROW_14_Left_31,VGND,li1,6.2100,48.9600,0.000014
PHY_EDGE_ROW_13_Left_30,VGND,li1,6.2100,48.9600,0.000014
PHY_EDGE_ROW_12_Left_29,VGND,li1,6.2100,43.5200,0.000028
PHY_EDGE_ROW_11_Left_28,VGND,li1,6.2100,43.5200,0.000028
PHY_EDGE_ROW_10_Left_27,VGND,li1,6.2100,38.0800,0.000022
PHY_EDGE_ROW_9_Left_26,VGND,li1,6.2100,38.0800,0.000022
PHY_EDGE_ROW_8_Left_25,VGND,li1,6.2100,32.6400,0.000013
PHY_EDGE_ROW_7_Left_24,VGND,li1,6.2100,32.6400,0.000013
PHY_EDGE_ROW_6_Left_23,VGND,li1,6.2100,27.2000,0.000014
PHY_EDGE_ROW_5_Left_22,VGND,li1,6.2100,27.2000,0.000014
PHY_EDGE_ROW_4_Left_21,VGND,li1,6.2100,21.7600,0.000013
PHY_EDGE_ROW_3_Left_20,VGND,li1,6.2100,21.7600,0.000013
PHY_EDGE_ROW_2_Left_19,VGND,li1,6.2100,16.3200,0.000012
PHY_EDGE_ROW_1_Left_18,VGND,li1,6.2100,16.3200,0.000012
PHY_EDGE_ROW_0_Left_17,VGND,li1,6.2100,10.8800,0.000011
PHY_EDGE_ROW_16_Right_16,VGND,li1,53.5900,54.4000,0.000017
PHY_EDGE_ROW_15_Right_15,VGND,li1,53.5900,54.4000,0.000017
PHY_EDGE_ROW_14_Right_14,VGND,li1,53.5900,48.9600,0.000024
PHY_EDGE_ROW_13_Right_13,VGND,li1,53.5900,48.9600,0.000024
PHY_EDGE_ROW_12_Right_12,VGND,li1,53.5900,43.5200,0.000025
PHY_EDGE_ROW_11_Right_11,VGND,li1,53.5900,43.5200,0.000025
PHY_EDGE_ROW_10_Right_10,VGND,li1,53.5900,38.0800,0.000025
PHY_EDGE_ROW_9_Right_9,VGND,li1,53.5900,38.0800,0.000025
PHY_EDGE_ROW_8_Right_8,VGND,li1,53.5900,32.6400,0.000015
PHY_EDGE_ROW_7_Right_7,VGND,li1,53.5900,32.6400,0.000015
PHY_EDGE_ROW_6_Right_6,VGND,li1,53.5900,27.2000,0.000014
PHY_EDGE_ROW_5_Right_5,VGND,li1,53.5900,27.2000,0.000014
PHY_EDGE_ROW_4_Right_4,VGND,li1,53.5900,21.7600,0.000024
PHY_EDGE_ROW_3_Right_3,VGND,li1,53.5900,21.7600,0.000024
PHY_EDGE_ROW_2_Right_2,VGND,li1,53.5900,16.3200,0.000019
PHY_EDGE_ROW_1_Right_1,VGND,li1,53.5900,16.3200,0.000019
PHY_EDGE_ROW_0_Right_0,VGND,li1,53.5900,10.8800,0.000017
_251_,VGND,li1,42.5500,16.3200,0.000018
_250_,VGND,li1,21.1600,16.3200,0.000012
_249_,VGND,li1,16.5600,21.7600,0.000012
_248_,VGND,li1,12.1900,21.7600,0.000012
_247_,VGND,li1,14.4900,21.7600,0.000012
_246_,VGND,li1,12.8800,27.2000,0.000013
_245_,VGND,li1,25.0700,27.2000,0.000008
_244_,VGND,li1,34.9600,27.2000,0.000011
_243_,VGND,li1,29.4400,27.2000,0.000009
_242_,VGND,li1,22.0800,27.2000,0.000010
_241_,VGND,li1,24.1500,16.3200,0.000011
_240_,VGND,li1,28.0600,16.3200,0.000012
_239_,VGND,li1,17.2500,16.3200,0.000012
_238_,VGND,li1,20.0100,21.7600,0.000012
_237_,VGND,li1,18.6300,16.3200,0.000012
_236_,VGND,li1,22.7700,16.3200,0.000011
_235_,VGND,li1,16.7900,16.3200,0.000012
_234_,VGND,li1,25.5300,21.7600,0.000010
_233_,VGND,li1,28.2900,27.2000,0.000009
_232_,VGND,li1,27.3700,32.6400,0.000009
_231_,VGND,li1,25.7600,27.2000,0.000008
_230_,VGND,li1,23.2300,27.2000,0.000009
_229_,VGND,li1,15.8700,27.2000,0.000012
_228_,VGND,li1,15.6400,27.2000,0.000012
_227_,VGND,li1,17.7100,27.2000,0.000011
_226_,VGND,li1,22.0800,48.9600,0.000013
_225_,VGND,li1,34.9600,54.4000,0.000017
_224_,VGND,li1,25.7600,21.7600,0.000010
_223_,VGND,li1,27.8300,21.7600,0.000012
_222_,VGND,li1,25.9900,16.3200,0.000010
_221_,VGND,li1,28.5200,48.9600,0.000014
_220_,VGND,li1,9.8900,27.2000,0.000013
_219_,VGND,li1,12.1900,27.2000,0.000013
_218_,VGND,li1,9.8900,27.2000,0.000013
_217_,VGND,li1,31.0500,48.9600,0.000016
_216_,VGND,li1,25.3000,48.9600,0.000012
_215_,VGND,li1,25.5300,48.9600,0.000012
_214_,VGND,li1,24.1500,54.4000,0.000010
_213_,VGND,li1,20.7000,54.4000,0.000011
_212_,VGND,li1,33.1200,48.9600,0.000017
_211_,VGND,li1,34.9600,32.6400,0.000011
_210_,VGND,li1,33.5800,43.5200,0.000020
_209_,VGND,li1,39.1000,48.9600,0.000020
_208_,VGND,li1,28.7500,54.4000,0.000014
_207_,VGND,li1,20.2400,48.9600,0.000014
_206_,VGND,li1,39.3300,54.4000,0.000017
_205_,VGND,li1,32.8900,54.4000,0.000016
_204_,VGND,li1,38.4100,48.9600,0.000019
_203_,VGND,li1,37.0300,48.9600,0.000019
_202_,VGND,li1,35.1900,48.9600,0.000018
_201_,VGND,li1,13.1100,43.5200,0.000026
_200_,VGND,li1,16.3300,43.5200,0.000022
_199_,VGND,li1,23.2300,43.5200,0.000017
_198_,VGND,li1,25.7600,43.5200,0.000015
_197_,VGND,li1,26.4500,43.5200,0.000016
_196_,VGND,li1,30.1300,38.0800,0.000018
_195_,VGND,li1,13.5700,43.5200,0.000024
_194_,VGND,li1,14.4900,48.9600,0.000014
_193_,VGND,li1,12.4200,38.0800,0.000021
_192_,VGND,li1,9.6600,38.0800,0.000022
_191_,VGND,li1,9.8900,43.5200,0.000027
_190_,VGND,li1,13.8000,32.6400,0.000011
_189_,VGND,li1,23.2300,48.9600,0.000013
_188_,VGND,li1,19.5500,48.9600,0.000014
_187_,VGND,li1,17.2500,48.9600,0.000014
_186_,VGND,li1,17.4800,38.0800,0.000019
_185_,VGND,li1,13.1100,38.0800,0.000021
_184_,VGND,li1,21.1600,38.0800,0.000018
_183_,VGND,li1,24.8400,38.0800,0.000014
_182_,VGND,li1,26.6800,38.0800,0.000016
_181_,VGND,li1,28.2900,38.0800,0.000016
_180_,VGND,li1,20.2400,32.6400,0.000009
_179_,VGND,li1,39.1000,43.5200,0.000022
_178_,VGND,li1,49.9100,43.5200,0.000025
_177_,VGND,li1,42.0900,43.5200,0.000024
_176_,VGND,li1,47.6100,38.0800,0.000025
_175_,VGND,li1,22.7700,32.6400,0.000008
_174_,VGND,li1,24.6100,32.6400,0.000008
_173_,VGND,li1,36.1100,38.0800,0.000021
_172_,VGND,li1,9.8900,32.6400,0.000012
_171_,VGND,li1,15.4100,32.6400,0.000011
_170_,VGND,li1,33.3500,38.0800,0.000020
_169_,VGND,li1,40.9400,38.0800,0.000023
_168_,VGND,li1,33.8100,32.6400,0.000011
_167_,VGND,li1,44.1600,43.5200,0.000024
_166_,VGND,li1,38.4100,43.5200,0.000022
_165_,VGND,li1,46.6900,38.0800,0.000024
_164_,VGND,li1,50.8300,38.0800,0.000025
_163_,VGND,li1,40.7100,38.0800,0.000023
_162_,VGND,li1,50.1400,43.5200,0.000025
_161_,VGND,li1,37.9500,38.0800,0.000022
_160_,VGND,li1,45.7700,43.5200,0.000025
_159_,VGND,li1,42.0900,48.9600,0.000021
_158_,VGND,li1,8.0500,27.2000,0.000014
_157_,VGND,li1,21.8500,54.4000,0.000011
_156_,VGND,li1,50.1400,27.2000,0.000014
_155_,VGND,li1,48.3000,27.2000,0.000014
_154_,VGND,li1,49.4500,32.6400,0.000015
_153_,VGND,li1,32.8900,16.3200,0.000015
_152_,VGND,li1,30.5900,16.3200,0.000013
_151_,VGND,li1,22.5400,38.0800,0.000016
_150_,VGND,li1,48.3000,21.7600,0.000023
_149_,VGND,li1,45.0800,27.2000,0.000013
_148_,VGND,li1,41.4000,27.2000,0.000013
_147_,VGND,li1,46.4600,27.2000,0.000014
_146_,VGND,li1,43.0100,32.6400,0.000014
_145_,VGND,li1,51.2900,21.7600,0.000024
_144_,VGND,li1,49.9100,16.3200,0.000019
_143_,VGND,li1,45.5400,21.7600,0.000022
_142_,VGND,li1,46.4600,16.3200,0.000019
_141_,VGND,li1,47.1500,16.3200,0.000019
_140_,VGND,li1,36.8000,16.3200,0.000017
_139_,VGND,li1,47.6100,32.6400,0.000014
_138_,VGND,li1,46.2300,32.6400,0.000014
_137_,VGND,li1,51.2900,27.2000,0.000014
_136_,VGND,li1,36.8000,16.3200,0.000017
_135_,VGND,li1,34.7300,10.8800,0.000017
_134_,VGND,li1,33.8100,16.3200,0.000015
_133_,VGND,li1,27.6000,16.3200,0.000012
_132_,VGND,li1,37.2600,21.7600,0.000017
_131_,VGND,li1,38.1800,21.7600,0.000018
_130_,VGND,li1,41.4000,21.7600,0.000020
_129_,VGND,li1,37.9500,27.2000,0.000012
_128_,VGND,li1,38.4100,32.6400,0.000012
_127_,VGND,li1,39.7900,16.3200,0.000018
_126_,VGND,li1,39.3300,21.7600,0.000018
_125_,VGND,li1,15.1800,21.7600,0.000012
_124_,VGND,li1,15.8700,16.3200,0.000012
_123_,VGND,li1,20.9300,16.3200,0.000012
_122_,VGND,li1,42.0900,16.3200,0.000018
_121_,VGND,li1,44.3900,16.3200,0.000019
